datapass_v1_id,demande_v2_id,habilitation_v2_id
925,925,
934,934,
1016,1016,1016
1098,1252,1098
1252,1252,1252
1323,1323,1323
1465,1465,
1469,1469,1469
1561,12996,1561
1596,1596,1596
1778,23633,1778
1858,12996,1858
2228,2228,
2249,2249,2249
2282,2282,2282
2284,2284,
2345,32745,2345
2470,2470,
2471,2471,2471
2474,2474,
2499,2499,2499
2532,2532,2532
2547,2547,
2550,2550,2550
2560,48374,2560
2561,2561,2561
2581,2581,
2585,2585,2585
2614,2614,
2615,2615,2615
2617,48374,2617
2621,2621,
2647,4071,2647
2653,48375,2653
2654,2654,
2659,2659,2659
2666,2666,2666
2667,2667,2667
2670,2670,
2692,2692,
2697,2697,2697
2698,2698,2698
2700,2700,
2714,2714,
2722,2722,
2741,2741,2741
2768,2768,2768
2776,31953,2776
2778,2778,
2823,2823,
2828,2828,
2829,2829,
2832,2832,
2847,3292,2847
2849,21284,2849
2855,2855,
2856,2856,
2862,3296,2862
2864,3297,2864
2889,2889,
2890,2890,2890
2902,65236,2902
2904,2904,
2922,39400,2922
2933,2933,2933
2938,2938,2938
2941,2941,2941
2963,2963,2963
2981,2981,2981
2983,2983,2983
3000,3000,3000
3018,34605,3018
3026,3026,3026
3027,3027,3027
3032,3032,3032
3033,3033,3033
3048,54361,3048
3055,4485,3055
3081,3081,3081
3108,3108,3108
3157,3157,
3171,3171,
3172,3172,
3180,32745,3180
3208,3208,3208
3209,3209,3209
3212,3212,3212
3214,3214,3214
3230,3230,
3239,3239,3239
3240,3240,3240
3251,31988,3251
3292,3292,3292
3295,21284,3295
3296,3296,3296
3297,3297,3297
3336,35745,3336
3337,3337,3337
3353,,
3363,54360,3363
3365,3365,
3368,3368,
3377,3377,3377
3389,3389,3389
3400,3400,3400
3447,3447,
3470,3470,
3518,10260,3518
3540,9504,3540
3541,4665,3541
3542,3542,3542
3589,3589,
3621,3621,
3633,48751,3633
3666,31988,3666
3701,3701,3701
3702,3702,3702
3703,3703,3703
3704,3704,3704
3747,3747,3747
3748,3748,3748
3769,3769,3769
3770,8965,3770
3773,3773,
3811,3811,
3815,3815,3815
3824,3824,3824
3881,3881,3881
3885,56287,3885
3886,56288,3886
3909,3909,3909
3917,7360,3917
3931,5401,3931
3932,8442,3932
3951,7371,3951
3952,6572,3952
3953,7351,3953
3991,7353,3991
3992,7364,3992
3993,7354,3993
3994,7365,3994
3995,7355,3995
3996,7366,3996
3997,7358,3997
3998,7369,3998
3999,7357,3999
4000,7368,4000
4001,7361,4001
4002,7372,4002
4020,4997,4020
4022,9509,4022
4030,4030,4030
4076,4076,
4087,5366,4087
4088,8421,4088
4089,5368,4089
4090,8422,4090
4091,5364,4091
4092,8424,4092
4093,5373,4093
4094,8425,4094
4095,5375,4095
4096,8426,4096
4097,5377,4097
4098,8427,4098
4099,4099,4099
4100,5380,4100
4101,8429,4101
4102,4102,4102
4103,5384,4103
4104,8430,4104
4105,5381,4105
4106,8431,4106
4108,5386,4108
4109,10032,4109
4110,5389,4110
4113,8433,4113
4114,5392,4114
4115,8435,4115
4116,5396,4116
4117,8438,4117
4118,5398,4118
4119,8440,4119
4120,5404,4120
4121,8444,4121
4122,6616,4122
4123,8443,4123
4124,5407,4124
4125,8448,4125
4126,5409,4126
4127,8449,4127
4128,6397,4128
4130,8450,4130
4131,5414,4131
4132,8453,4132
4133,5416,4133
4134,8454,4134
4135,5427,4135
4136,8452,4136
4137,5429,4137
4138,8455,4138
4139,5432,4139
4140,8456,4140
4141,4141,
4142,5434,4142
4143,8457,4143
4144,5436,4144
4145,8459,4145
4146,5438,4146
4147,8460,4147
4148,5444,4148
4149,8465,4149
4150,5447,4150
4151,8466,4151
4152,5449,4152
4153,8467,4153
4154,5451,4154
4155,8468,4155
4156,5453,4156
4157,8469,4157
4158,5455,4158
4159,8470,4159
4160,4666,4160
4161,5457,4161
4162,8471,4162
4163,9502,4163
4164,5460,4164
4165,4669,4165
4166,8472,4166
4168,9503,4168
4170,4674,4170
4171,9505,4171
4172,4677,4172
4173,9506,4173
4174,4679,4174
4175,9507,4175
4176,4684,4176
4177,9508,4177
4178,4999,4178
4179,9510,4179
4180,5002,4180
4181,9512,4181
4183,5003,4183
4184,9514,4184
4187,5005,4187
4188,9515,4188
4189,5008,4189
4190,9516,4190
4193,4193,4193
4194,4194,4194
4197,5442,4197
4198,8462,4198
4201,4201,4201
4213,4213,4213
4227,4227,4227
4231,4231,
4259,56287,4259
4261,56288,4261
4267,6572,4267
4268,7351,4268
4269,7353,4269
4270,7364,4270
4271,7354,4271
4272,7365,4272
4273,7355,4273
4274,7366,4274
4275,7357,4275
4276,7368,4276
4277,7358,4277
4278,7369,4278
4279,7360,4279
4280,7371,4280
4281,7361,4281
4282,7372,4282
4388,4388,4388
4389,4389,
4430,4430,
4432,5395,4432
4433,8436,4433
4435,5463,4435
4436,9274,4436
4437,5441,4437
4438,8461,4438
4440,5245,4440
4441,7356,4441
4442,7367,4442
4458,4458,4458
4464,4464,
4485,4485,4485
4498,4498,
4522,4522,
4579,5245,4579
4602,31953,4602
4639,4639,4639
4645,6566,4645
4646,7534,4646
4649,7356,4649
4650,7367,4650
4659,4659,
4664,9504,4664
4665,4665,4665
4666,4666,4666
4668,9502,4668
4669,4669,4669
4672,9503,4672
4674,4674,4674
4675,9505,4675
4677,4677,4677
4678,9506,4678
4679,4679,4679
4681,9507,4681
4684,4684,4684
4686,9508,4686
4705,4705,4705
4707,4707,4707
4710,7534,4710
4711,6566,4711
4756,4756,4756
4780,4780,4780
4908,4908,4908
4928,4928,4928
4976,4976,4976
4997,4997,4997
4998,9509,4998
4999,4999,4999
5000,9510,5000
5001,9512,5001
5002,5002,5002
5003,5003,5003
5004,9514,5004
5005,5005,5005
5006,9515,5006
5008,5008,5008
5009,9516,5009
5011,5328,5011
5038,5038,5038
5055,48375,5055
5072,5072,5072
5086,5086,
5095,5095,
5108,5108,
5117,5117,5117
5168,5168,
5201,5201,
5245,5245,5245
5283,6710,5283
5306,5306,5306
5308,6879,5308
5326,8422,5326
5335,5335,
5364,5364,5364
5365,8424,5365
5366,5366,5366
5367,8421,5367
5368,5368,5368
5373,5373,5373
5374,8425,5374
5375,5375,5375
5376,8426,5376
5377,5377,5377
5378,8427,5378
5379,8429,5379
5380,5380,5380
5381,5381,5381
5382,8431,5382
5384,5384,5384
5385,8430,5385
5386,5386,5386
5387,10032,5387
5389,5389,5389
5390,5390,5390
5391,8433,5391
5392,5392,5392
5393,8435,5393
5394,8436,5394
5395,5395,5395
5396,5396,5396
5397,8438,5397
5398,5398,5398
5399,8440,5399
5400,8442,5400
5401,5401,5401
5402,6616,5402
5403,8443,5403
5404,5404,5404
5406,8444,5406
5407,5407,5407
5408,8448,5408
5409,5409,5409
5411,8449,5411
5412,6397,5412
5413,8450,5413
5414,5414,5414
5415,8453,5415
5416,5416,5416
5417,8454,5417
5427,5427,5427
5428,8452,5428
5429,5429,5429
5430,8455,5430
5432,5432,5432
5433,8456,5433
5434,5434,5434
5435,8457,5435
5436,5436,5436
5437,8459,5437
5438,5438,5438
5439,8460,5439
5440,8461,5440
5441,5441,5441
5442,5442,5442
5443,8462,5443
5444,5444,5444
5446,8465,5446
5447,5447,5447
5448,8466,5448
5449,5449,5449
5450,8467,5450
5451,5451,5451
5452,8468,5452
5453,5453,5453
5454,8469,5454
5455,5455,5455
5456,8470,5456
5457,5457,5457
5459,8471,5459
5460,5460,5460
5461,8472,5461
5462,9274,5462
5463,5463,5463
5468,5468,
5538,5538,
5566,5566,
5616,5616,
5617,5617,
5630,5630,
5634,5634,5634
5644,7591,5644
5645,9723,5645
5739,5739,
5745,5745,
5809,5809,
5845,5845,
5863,5863,
5892,7588,5892
5893,9681,5893
5899,5899,5899
5974,5974,
6019,6019,6019
6033,9729,6033
6034,8220,6034
6041,8215,6041
6042,8216,6042
6044,9719,6044
6045,9682,6045
6047,8214,6047
6048,8219,6048
6053,9717,6053
6056,6056,6056
6066,9727,6066
6070,6070,
6078,8213,6078
6079,6079,
6089,9715,6089
6101,6101,6101
6135,8217,6135
6136,9721,6136
6156,8212,6156
6157,9713,6157
6182,8218,6182
6183,8207,6183
6185,8208,6185
6186,6186,
6187,8211,6187
6188,8209,6188
6189,7593,6189
6190,8210,6190
6191,6191,
6193,9711,6193
6194,9707,6194
6195,9725,6195
6196,9700,6196
6197,9705,6197
6198,6198,
6200,6200,
6201,9708,6201
6203,9703,6203
6232,6232,
6247,6247,6247
6319,6319,
6397,6397,6397
6399,8450,6399
6468,6468,
6469,6469,
6470,6470,
6471,6471,
6487,6487,6487
6490,6490,6490
6518,6518,6518
6519,6519,6519
6520,6520,6520
6521,6521,6521
6522,6522,6522
6523,6523,6523
6524,6524,6524
6525,6525,6525
6526,6526,6526
6527,6527,6527
6562,60521,6562
6566,6566,6566
6572,6572,6572
6580,6580,6580
6581,6581,6581
6582,6582,6582
6583,6583,6583
6584,6584,6584
6585,6585,6585
6586,6586,6586
6587,6587,6587
6588,6588,6588
6589,6589,6589
6590,6590,6590
6591,6591,6591
6592,6592,6592
6616,6616,6616
6617,,
6633,6633,6633
6634,6634,6634
6647,6647,6647
6648,6648,6648
6718,58538,6718
6721,38473,6721
6740,6740,6740
6783,6783,6783
6853,6853,6853
6879,6879,6879
6906,6906,6906
6921,6921,
6940,,
6944,8311,6944
6973,6973,
6974,6974,
6984,6984,
6995,6995,
7019,7019,
7170,38473,7170
7197,7197,7197
7203,7203,
7228,7228,
7247,7247,7247
7301,7301,
7304,7304,
7307,7307,7307
7308,7308,7308
7344,7344,7344
7351,7351,7351
7353,7353,7353
7354,7354,7354
7355,7355,7355
7356,7356,7356
7357,7357,7357
7358,7358,7358
7359,56287,7359
7360,7360,7360
7361,7361,7361
7364,7364,7364
7365,7365,7365
7366,7366,7366
7367,7367,7367
7368,7368,7368
7369,7369,7369
7370,56288,7370
7371,7371,7371
7372,7372,7372
7477,7477,7477
7482,7482,7482
7489,7489,7489
7490,7490,
7526,7526,7526
7534,7534,7534
7541,7541,
7568,7568,7568
7585,7585,7585
7586,9681,7586
7588,7588,7588
7590,9723,7590
7591,7591,7591
7592,9703,7592
7593,7593,7593
7648,51887,7648
7663,7663,7663
7683,7683,7683
7736,7736,7736
7821,7821,7821
7822,7822,7822
7823,7823,7823
7824,7824,7824
7825,7825,7825
7826,7826,7826
7827,7827,7827
7828,7828,7828
7830,7830,7830
7831,7831,7831
7832,7832,7832
7833,7833,7833
7836,7836,7836
7837,7837,7837
7838,7838,7838
7839,7839,7839
7840,7840,7840
7841,7841,7841
7842,7842,7842
7843,7843,7843
7844,7844,7844
7846,7846,7846
7847,7847,7847
7848,7848,7848
7849,7849,7849
7850,7850,7850
7851,7851,7851
7852,7852,7852
7853,7853,7853
7854,7854,7854
7855,7855,7855
7856,7856,7856
7857,7857,7857
7858,7858,7858
7859,7859,7859
7861,7861,7861
7862,7862,7862
7863,7863,7863
7864,7864,7864
7961,7961,7961
7963,7963,7963
7969,7969,7969
8078,8078,8078
8079,8079,8079
8103,8103,8103
8104,8104,8104
8105,8105,8105
8106,8106,8106
8107,8107,8107
8108,8108,8108
8109,8109,8109
8110,8110,8110
8111,8111,8111
8112,8112,8112
8113,8113,8113
8114,8114,8114
8115,8115,8115
8116,8116,8116
8117,8117,8117
8118,8118,8118
8119,8119,8119
8120,8120,8120
8121,8121,8121
8122,8122,8122
8123,8123,8123
8124,8124,8124
8125,8125,8125
8126,8126,8126
8127,8127,8127
8128,8128,8128
8129,8129,8129
8130,8130,8130
8131,8131,8131
8132,8132,8132
8133,8133,8133
8134,8134,8134
8135,9700,8135
8136,9705,8136
8137,9707,8137
8138,9708,8138
8139,9711,8139
8140,9713,8140
8173,8173,8173
8182,8182,8182
8194,9715,8194
8195,9717,8195
8196,9719,8196
8197,9682,8197
8198,9721,8198
8199,9725,8199
8200,9727,8200
8201,9729,8201
8207,8207,8207
8208,8208,8208
8209,8209,8209
8210,8210,8210
8211,8211,8211
8212,8212,8212
8213,8213,8213
8214,8214,8214
8215,8215,8215
8216,8216,8216
8217,8217,8217
8218,8218,8218
8219,8219,8219
8220,8220,8220
8269,8269,8269
8299,8299,8299
8421,8421,8421
8422,8422,8422
8424,8424,8424
8425,8425,8425
8426,8426,8426
8427,8427,8427
8429,8429,8429
8430,8430,8430
8431,8431,8431
8432,10032,8432
8433,8433,8433
8435,8435,8435
8436,8436,8436
8438,8438,8438
8440,8440,8440
8442,8442,8442
8443,8443,8443
8444,8444,8444
8448,8448,8448
8449,8449,8449
8450,8450,8450
8452,8452,8452
8453,8453,8453
8454,8454,8454
8455,8455,8455
8456,8456,8456
8457,8457,8457
8459,8459,8459
8460,8460,8460
8461,8461,8461
8462,8462,8462
8465,8465,8465
8466,8466,8466
8467,8467,8467
8468,8468,8468
8469,8469,8469
8470,8470,8470
8471,8471,8471
8472,8472,8472
8473,8473,
8504,8504,
8560,8560,
8663,8663,
8747,8747,8747
8789,8789,8789
8900,8900,
8902,12990,8902
8903,8903,8903
8924,8924,
8935,8935,
8965,8965,8965
8995,9938,8995
9005,9005,9005
9012,9012,9012
9107,9107,9107
9196,9196,9196
9274,9274,9274
9280,9280,
9284,14793,9284
9324,9324,9324
9325,9325,9325
9379,9379,9379
9389,9389,9389
9473,9473,
9497,9497,
9500,10388,9500
9502,9502,9502
9503,9503,9503
9504,9504,9504
9505,9505,9505
9506,9506,9506
9507,9507,9507
9508,9508,9508
9509,9509,9509
9510,9510,9510
9512,9512,9512
9514,9514,9514
9515,9515,9515
9516,9516,9516
9519,9519,
9520,9520,
9521,9521,9521
9522,9522,
9523,9523,
9525,9525,
9526,9526,
9548,9548,
9554,9657,9554
9556,9667,9556
9557,9668,9557
9558,9669,9558
9559,9670,9559
9560,9671,9560
9657,9657,9657
9667,9667,9667
9668,9668,9668
9669,9669,9669
9670,9670,9670
9671,9671,9671
9676,56455,9676
9680,9680,9680
9681,9681,9681
9682,9682,9682
9699,9699,9699
9700,9700,9700
9701,9701,9701
9702,9702,9702
9703,9703,9703
9704,9704,9704
9705,9705,9705
9706,9706,9706
9707,9707,9707
9708,9708,9708
9709,9709,9709
9710,9710,9710
9711,9711,9711
9712,9712,9712
9713,9713,9713
9714,9714,9714
9715,9715,9715
9716,9716,9716
9717,9717,9717
9718,9718,9718
9719,9719,9719
9720,9720,9720
9721,9721,9721
9722,9722,9722
9723,9723,9723
9724,9724,9724
9725,9725,9725
9726,9726,9726
9727,9727,9727
9728,9728,9728
9729,9729,9729
9783,10498,9783
9792,9792,9792
9872,9893,9872
9893,9893,9893
9912,9912,9912
9913,9913,9913
9937,9937,
9938,9938,9938
9969,9969,
9984,9984,9984
9986,9986,9986
10020,10020,10020
10032,10032,10032
10098,10098,
10126,10126,10126
10134,10134,10134
10163,10163,10163
10164,10164,10164
10174,10174,10174
10175,10175,10175
10218,10218,
10249,10381,10249
10250,10250,10250
10254,10254,10254
10259,10259,10259
10287,10287,10287
10373,64236,10373
10381,10381,10381
10405,10405,10405
10406,10406,10406
10461,10461,10461
10497,10497,10497
10498,10498,10498
10514,10514,10514
10559,10559,10559
10637,62018,10637
10658,10658,10658
10685,10685,10685
10740,10740,10740
10743,10743,10743
10752,11092,10752
10772,10772,
10819,11414,10819
10820,11415,10820
10827,10827,10827
10831,11944,10831
10860,10978,10860
10903,10903,10903
10904,10904,10904
10916,11945,10916
10917,10917,10917
10918,10918,10918
10919,11948,10919
10922,10922,10922
10923,11946,10923
10929,10929,10929
10933,10933,10933
10938,10977,10938
10977,10977,10977
10978,10978,10978
10983,21559,10983
10985,10985,10985
11021,11021,11021
11024,11950,11024
11026,11026,11026
11032,11032,11032
11081,11081,11081
11083,11943,11083
11088,11088,11088
11092,11092,11092
11122,11122,11122
11130,11130,11130
11132,11951,11132
11148,11148,
11191,11191,11191
11231,11231,11231
11241,11241,11241
11243,11243,11243
11303,11303,
11325,11325,
11331,11331,
11332,11332,
11352,11797,11352
11353,11353,11353
11355,11355,
11358,11358,11358
11414,11414,11414
11415,11415,11415
11432,11432,11432
11433,11952,11433
11434,11434,11434
11435,11953,11435
11441,11441,11441
11443,11955,11443
11455,11455,11455
11481,11481,
11482,11482,
11492,11492,
11525,11525,
11599,12881,11599
11688,50801,11688
11727,11798,11727
11773,11773,
11785,11785,11785
11793,11793,11793
11797,11797,11797
11798,11798,11798
11808,11929,11808
11809,11809,11809
11812,11930,11812
11816,11931,11816
11818,23204,11818
11820,11932,11820
11823,11933,11823
11824,11934,11824
11825,11937,11825
11826,11939,11826
11828,11940,11828
11829,11941,11829
11831,11942,11831
11842,44795,11842
11851,11851,
11912,11966,11912
11927,11965,11927
11929,11929,11929
11930,11930,11930
11931,11931,11931
11932,11932,11932
11933,11933,11933
11934,11934,11934
11937,11937,11937
11939,11939,11939
11940,11940,11940
11941,11941,11941
11942,11942,11942
11943,11943,11943
11944,11944,11944
11945,11945,11945
11946,11946,11946
11948,11948,11948
11950,11950,11950
11951,11951,11951
11952,11952,11952
11953,11953,11953
11955,11955,11955
11965,11965,11965
11966,11966,11966
11989,11989,
12002,12002,12002
12113,37901,12113
12301,12301,12301
12336,52116,12336
12359,9005,12359
12368,12368,12368
12432,12432,12432
12433,12433,12433
12528,12528,12528
12611,12611,12611
12668,12668,12668
12669,12669,12669
12752,26340,12752
12766,48175,12766
12868,12868,12868
12876,12876,
12880,12880,
12881,12881,12881
12958,12958,12958
12990,12990,12990
12992,12992,12992
12996,12996,12996
13008,13008,13008
13083,13083,13083
13086,13086,13086
13152,13152,
13233,,
13270,13270,
13271,13271,13271
13400,13400,
13496,13496,13496
13658,13658,
13679,13679,
13694,28891,13694
13695,13695,13695
13881,44048,13881
13923,13923,13923
13947,13947,
14093,14093,
14315,14315,
14319,14319,
14323,14323,
14396,49006,14396
14464,14464,14464
14512,14512,14512
14540,14540,
14550,14550,
14556,14556,14556
14638,14638,14638
14759,14759,
14767,14767,14767
14770,14770,14770
14793,14793,
15529,15529,15529
15531,15531,15531
15539,15539,15539
15986,15986,
16136,16136,16136
16202,16202,16202
21282,21282,21282
21284,21284,21284
21354,21354,21354
21360,25118,21360
21587,64420,21587
21617,21617,21617
21618,21618,
21672,31126,21672
22116,,
22760,22760,22760
22796,22796,
22800,22800,
22834,22834,22834
23045,23045,23045
23204,23204,
23398,23398,23398
23654,55415,23654
23657,55417,23657
23952,23952,
24038,24038,24038
24635,24635,
25118,25118,25118
25227,25227,
25428,25428,
25679,25679,25679
25894,25894,
25898,25898,25898
25909,46819,25909
25910,51124,25910
25959,25959,
25978,37900,25978
26648,51124,26648
26652,46819,26652
26682,26682,
26908,26908,
26942,26942,26942
27261,27261,27261
27296,26942,27296
27299,37901,27299
28013,28013,
28352,10497,28352
28606,37900,28606
28891,28891,28891
29359,29359,29359
30364,30364,
30901,30901,
31019,50215,31019
31048,39995,31048
31049,39994,31049
31091,31091,31091
31330,31330,
31481,31481,
31486,31486,
31563,31563,
31590,31590,31590
31605,31605,31605
31629,31629,31629
31679,31679,31679
31799,32284,31799
31974,31974,
31988,31988,31988
32064,32064,32064
32148,32148,32148
32222,32222,32222
32224,32224,32224
32236,32236,32236
32255,32255,32255
32270,32270,32270
32279,32279,32279
32289,32289,32289
32300,32300,32300
32384,32384,32384
32436,35363,32436
32479,32479,
32516,32516,32516
32562,32562,32562
32602,32602,
32668,65874,32668
32690,32690,32690
32716,32716,32716
32741,34625,32741
32745,32745,32745
32839,57530,32839
32965,32965,32965
33032,33032,
33043,35749,33043
33223,33223,33223
33445,33445,
33453,33453,33453
33526,33526,
33696,33696,
33732,33732,33732
33862,36246,33862
33864,33864,
33996,33996,33996
34240,34240,
34262,49456,34262
34490,35253,34490
34605,34605,34605
34641,34641,34641
34785,34785,34785
34949,34949,
35023,12992,35023
35024,35024,
35026,35026,
35044,35044,
35072,35072,
35157,35157,35157
35451,35451,35451
35458,35458,35458
35694,35694,
35745,35745,35745
35748,35748,
35890,35890,
36140,36140,36140
36183,,
36230,36230,
36503,36503,36503
36588,36588,
36589,36589,
36602,36602,
36663,53060,36663
36676,36676,36676
36685,51664,36685
36686,51663,36686
36701,36701,36701
36793,36793,36793
36851,65751,36851
36894,36894,
36927,36927,36927
36965,36965,36965
36969,36969,36969
36972,36972,36972
37019,37019,
37245,37245,37245
37416,37416,
37443,38116,37443
37537,37537,
37572,39685,37572
37652,37652,
37900,37900,37900
37901,37901,37901
37912,37912,
38043,38043,38043
38116,38116,
38216,38216,
38311,38311,
38312,38312,
38335,38335,
38399,53868,38399
38400,,
38473,38473,38473
38546,38546,
38732,51059,38732
38758,64074,38758
38797,53263,38797
38881,52947,38881
38972,58042,38972
39206,39460,39206
39323,39323,39323
39337,39337,
39370,39471,39370
39396,39472,39396
39397,39474,39397
39457,39457,
39460,39460,39460
39471,39471,39471
39472,39472,39472
39474,39474,39474
39517,39517,39517
39568,57560,39568
39580,39580,39580
39586,39586,39586
39590,44625,39590
39629,39629,39629
39639,39639,
39685,39685,
39707,39707,39707
39710,39710,39710
39760,56458,39760
39830,39830,
39864,63480,39864
39869,39869,39869
39933,39933,39933
39943,39943,39943
39960,39960,39960
39994,39994,
39995,39995,
40004,40004,40004
40015,40015,40015
40019,40019,40019
40021,40021,
40050,40799,40050
40110,65665,40110
40116,60129,40116
40123,40123,40123
40180,40180,
40235,40235,40235
40273,40273,
40274,40274,
40292,40292,
40391,40391,
40392,40392,
40394,40394,
40428,40428,
40452,40452,
40505,40505,40505
40515,40515,
40531,40531,40531
40554,40554,40554
40599,40599,
40620,40620,
40647,40647,40647
40649,50315,40649
40661,40661,
40671,40671,
40703,40703,
40717,40717,40717
40725,40725,40725
40729,58393,40729
40731,50214,40731
40743,40743,
40748,40748,
40771,40771,40771
40773,52874,40773
40786,43659,40786
40798,55040,40798
40854,40854,
40869,40869,40869
40871,40871,40871
40873,40873,40873
40874,58507,40874
40885,40885,40885
40887,40887,40887
40897,40897,40897
40900,64074,40900
40901,40901,
40917,46049,40917
40937,40937,
40942,40942,40942
40962,40962,
40963,53341,40963
40966,40966,40966
40980,44592,40980
40989,40989,
40990,40990,40990
40994,40994,40994
41000,41000,41000
41005,51416,41005
41007,41007,
41011,41011,
41013,49237,41013
41015,41015,41015
41024,41024,
41025,45332,41025
41028,41028,
41030,50066,41030
41052,41052,
41059,41059,
41064,41064,
41065,64569,41065
41071,44694,41071
41077,41077,41077
41078,41078,
41081,41081,41081
41095,50955,41095
41100,64727,41100
41104,41104,41104
41105,41105,
41106,50831,41106
41112,62247,41112
41161,41161,
41224,46750,41224
41235,53728,41235
41274,56441,41274
41300,50617,41300
41303,41303,
41304,41304,
41318,41318,
41336,54208,41336
41348,41348,
41363,50432,41363
41372,41372,
41391,41391,
41417,41417,
41423,41423,41423
41438,41438,41438
41454,41454,41454
41471,41471,
41512,41512,41512
41554,43660,41554
41559,41559,
41603,45143,41603
41689,41689,41689
41692,41692,
41710,41710,41710
41743,41743,
41881,41881,41881
41912,50995,41912
41930,41930,41930
41947,45648,41947
41959,50810,41959
41990,41990,41990
42010,42010,
42013,44913,42013
42037,47402,42037
42044,42044,42044
42096,49753,42096
42119,58493,42119
42126,42126,42126
42188,42188,
42234,65409,42234
42255,42255,42255
42328,42328,42328
42329,42329,
42344,42344,42344
42355,8747,42355
42403,42403,42403
42404,42404,42404
42429,51940,42429
42438,42438,42438
42444,42444,42444
42478,42478,
42563,42631,42563
42596,42596,
42601,42601,42601
42631,42631,42631
42722,54081,42722
42740,42740,
42786,42786,
42824,42824,
42841,42841,42841
42863,42863,42863
42931,42931,42931
43011,43011,43011
43018,43018,
43171,43171,
43211,43211,
43223,46888,43223
43236,65702,43236
43297,50390,43297
43319,43319,
43345,43345,
43354,43354,
43471,43471,43471
43603,43603,43603
43642,43642,43642
43659,43659,
43660,43660,
43668,43668,
43741,43741,43741
43762,43762,43762
43763,43763,43763
43811,43811,
43816,43816,
43829,43829,43829
43882,45214,43882
43941,43941,
43954,43954,43954
43965,43965,
43968,47188,43968
43997,47996,43997
44014,45301,44014
44015,44015,44015
44027,44027,
44166,44166,44166
44200,49142,44200
44208,44208,
44221,44221,44221
44234,49960,44234
44270,44270,
44303,44303,
44336,44336,44336
44337,44337,44337
44339,50523,44339
44368,44368,44368
44372,44372,44372
44416,44416,44416
44443,59080,44443
44451,48697,44451
44456,44456,
44488,44488,
44582,44582,
44597,44597,
44599,44599,44599
44625,44625,
44628,44628,
44629,44629,
44641,44641,
44643,44643,44643
44652,44652,44652
44653,45310,44653
44654,44654,44654
44665,44665,44665
44674,44674,
44675,,
44694,44694,44694
44701,,
44724,44724,
44747,50032,44747
44770,44770,
44795,44795,44795
44814,49342,44814
44836,,
44867,46403,44867
44913,44913,44913
44919,44919,
44920,44920,44920
44921,44921,
44924,46782,44924
44969,44969,44969
44972,44972,44972
44981,44981,
44989,44989,44989
45008,45008,
45014,45014,
45033,50528,45033
45043,45043,
45044,45144,45044
45046,45145,45046
45064,45064,45064
45090,45090,
45100,45100,45100
45110,45110,
45111,45111,
45113,45113,
45144,45144,45144
45145,45145,45145
45173,45173,45173
45199,45199,
45202,45202,45202
45214,45214,45214
45241,45241,
45285,45285,
45301,45301,45301
45306,45306,
45310,45310,
45329,45329,
45332,45332,45332
45354,45354,45354
45368,45368,45368
45372,48781,45372
45439,57288,45439
45442,45442,45442
45444,58184,45444
45459,48529,45459
45463,45463,45463
45475,45475,
45478,45478,45478
45500,45500,
45503,65409,45503
45508,45508,
45511,45511,45511
45568,45568,45568
45574,64727,45574
45579,47189,45579
45605,45605,
45624,45624,
45690,45690,45690
45722,45722,45722
45723,45723,45723
45761,45285,45761
45766,52568,45766
45869,45869,
45929,54654,45929
45963,45963,45963
45964,45964,45964
46028,46028,
46043,46043,46043
46049,46049,46049
46068,65409,46068
46170,65409,46170
46185,46185,
46186,46186,
46261,46261,
46312,46312,
46377,46377,46377
46389,46389,46389
46403,46403,46403
46408,46408,
46414,46414,
46428,46428,46428
46460,46460,
46468,46468,
46512,,
46518,46518,
46667,46667,
46671,46671,
46780,46780,
46782,46782,46782
46798,46798,46798
46888,46888,46888
46973,46973,46973
46990,46990,
46994,57351,46994
47027,49390,47027
47060,47060,
47093,45368,47093
47107,47107,
47172,47172,
47188,47188,47188
47189,47189,47189
47249,47249,47249
47333,56710,47333
47341,50058,47341
47347,47347,
47418,47418,
47443,47443,
47457,47457,
47478,48958,47478
47490,47490,47490
47497,47497,47497
47509,47509,47509
47519,42404,47519
47520,42403,47520
47540,47540,47540
47576,47576,
47634,47634,47634
47641,47641,
47737,47737,47737
47771,47771,47771
47826,47826,47826
47863,47863,
47897,47897,47897
47923,65409,47923
47996,47996,47996
48014,48014,
48044,48044,48044
48087,53298,48087
48175,48175,48175
48226,48226,
48238,,
48295,48295,48295
48323,48323,48323
48338,48338,
48374,48374,48374
48375,48375,48375
48377,48377,
48407,48407,48407
48409,48409,
48428,48428,
48430,48430,48430
48440,48440,
48475,48475,
48486,48486,
48505,48505,
48529,48529,
48536,48536,
48555,48555,48555
48572,48572,
48610,48610,
48643,48643,
48678,57180,48678
48697,48697,
48751,48751,48751
48756,48756,
48781,48781,48781
48788,51801,48788
48806,48806,48806
48821,48821,
48828,48828,
48840,48840,48840
48880,48880,48880
48930,49703,48930
48958,48958,48958
48984,48984,48984
49006,49006,49006
49016,49016,
49034,49034,
49046,49046,49046
49071,49071,
49097,49097,
49142,49142,49142
49154,49154,49154
49156,50072,49156
49181,49181,
49191,49191,
49197,49197,
49215,49215,49215
49219,49219,49219
49221,52782,49221
49237,49237,49237
49240,49240,49240
49323,49323,49323
49327,49327,49327
49342,49342,49342
49344,54410,49344
49350,52787,49350
49363,49363,
49374,49374,49374
49377,49377,
49390,49390,49390
49398,63282,49398
49400,49400,
49405,53176,49405
49411,63194,49411
49456,49456,49456
49496,49496,
49541,53514,49541
49617,49617,49617
49619,49619,
49634,49634,49634
49636,65536,49636
49643,49643,49643
49645,49645,
49698,49698,49698
49721,49721,49721
49729,49729,49729
49730,49730,49730
49749,49749,
49753,49753,49753
49785,49785,
49807,49807,49807
49872,49872,49872
49928,49928,49928
49960,49960,49960
50017,54808,50017
50030,50030,
50032,50032,50032
50051,59236,50051
50057,50057,50057
50058,50058,
50066,50066,50066
50068,50068,50068
50072,50072,50072
50094,50094,
50100,50100,50100
50122,50122,
50127,50127,50127
50132,50132,
50140,50140,
50152,50152,
50161,50161,
50179,50179,
50205,50205,50205
50214,50214,
50215,50215,
50261,64420,50261
50309,50309,50309
50310,50310,
50315,50315,50315
50318,50318,
50327,50327,50327
50369,54250,50369
50390,50390,50390
50411,50411,
50414,50414,50414
50415,50415,50415
50419,57163,50419
50425,50425,
50458,50458,50458
50475,50475,50475
50477,57990,50477
50523,50523,
50528,50528,50528
50532,50532,
50577,57814,50577
50602,50602,50602
50610,57117,50610
50617,50617,
50636,55199,50636
50637,50637,
50647,56406,50647
50661,55492,50661
50672,57744,50672
50688,50688,
50706,50706,
50737,56260,50737
50752,50752,
50756,50756,
50801,50801,50801
50810,50810,50810
50831,50831,50831
50841,50841,50841
50847,50847,
50848,50848,50848
50856,50856,
50865,,
50868,50868,
50874,50874,
50896,50896,
50923,61420,50923
50955,50955,50955
50966,50966,
50982,50982,50982
50995,50995,50995
51003,54806,51003
51011,59163,51011
51020,51020,
51057,51057,51057
51059,51059,51059
51065,51233,51065
51073,59834,51073
51074,59837,51074
51077,59838,51077
51124,51124,51124
51135,65432,51135
51185,51185,51185
51190,51190,
51199,51200,51199
51200,51200,51200
51215,51215,
51230,51230,
51233,51233,51233
51242,51242,
51267,51267,
51273,51273,
51300,51300,51300
51356,51356,
51357,51357,51357
51372,51372,51372
51375,51375,
51384,51384,
51423,51423,
51439,51439,
51443,51443,51443
51457,51457,
51458,51458,
51464,51464,
51478,51478,
51482,51482,
51492,64423,51492
51494,51494,51494
51496,51496,51496
51506,51506,100755
51520,57950,51520
51530,51530,51530
51534,51534,
51545,51545,51545
51560,62320,51560
51578,51578,
51584,51584,
51593,54138,51593
51598,49634,51598
51618,51618,
51628,51628,
51640,55374,51640
51663,51663,51663
51664,51664,51664
51697,51697,
51716,53087,51716
51775,61887,51775
51779,51779,
51782,51782,51782
51795,51795,51795
51801,51801,51801
51887,51887,51887
51895,51895,
51905,51905,51905
51940,51940,51940
51998,51998,
52042,52042,
52055,52055,
52067,52067,52067
52069,52069,52069
52080,57475,52080
52106,63701,52106
52116,52116,
52123,52123,52123
52128,52128,52128
52129,58091,52129
52133,52133,
52134,52134,
52152,52152,52152
52167,52167,
52177,52177,
52198,52198,52198
52202,57423,52202
52226,52226,52226
52236,52236,
52255,52255,52255
52277,52277,
52321,52321,52321
52358,52358,52358
52396,,
52397,52397,
52401,52401,
52427,52427,
52430,52430,
52440,55707,52440
52497,52497,52497
52499,53440,52499
52504,57838,52504
52505,52505,
52506,52506,52506
52531,52531,52531
52556,52556,
52566,52566,
52567,57235,52567
52568,52568,52568
52577,52577,
52586,52586,52586
52592,65409,52592
52599,52599,
52620,52620,52620
52640,54318,52640
52641,52641,
52658,52658,
52673,52673,
52694,52694,
52715,52715,52715
52735,65702,52735
52746,52746,
52758,52758,52758
52761,52761,52761
52771,52771,
52773,52773,
52782,52782,52782
52787,52787,52787
52813,52813,
52851,62126,52851
52854,52854,
52867,57342,52867
52870,52870,
52874,52874,52874
52878,52878,52878
52896,52896,
52899,52899,52899
52905,52905,
52906,52906,52906
52907,52907,
52932,52932,52932
52944,52944,
52985,52985,
52992,52992,
53016,53016,
53059,58476,53059
53067,57647,53067
53071,53071,110742
53072,53072,53072
53087,53087,
53113,57898,53113
53123,53123,
53137,53137,53137
53147,53147,53147
53165,53165,53165
53183,53183,53183
53187,58922,53187
53193,53193,
53207,53207,
53263,53263,53263
53275,53275,
53291,53291,
53296,53296,
53298,53298,53298
53300,53300,53300
53302,53782,53302
53306,53306,53306
53316,53316,
53337,53337,
53341,53341,
53350,53350,
53362,53362,
53440,53440,53440
53474,53474,53474
53483,53483,53483
53498,61817,53498
53518,53518,53518
53521,53524,53521
53524,53524,
53548,53548,53548
53553,53553,53553
53555,57331,53555
53557,54980,53557
53568,54979,53568
53585,53585,53585
53586,56284,53586
53605,57352,53605
53627,53627,53627
53648,53648,
53652,57435,53652
53653,59244,53653
53657,61256,53657
53673,53673,
53682,53682,53682
53686,53686,
53693,53693,53693
53699,63479,53699
53701,53701,53701
53707,53707,
53708,53708,
53718,53718,
53728,53728,
53756,53756,53756
53773,53773,
53776,53776,
53782,53782,
53785,53953,53785
53790,56316,53790
53793,53793,
53798,53798,
53813,53813,
53825,53825,
53836,53836,
53853,53853,53853
53857,53857,53857
53859,53859,53859
53862,53862,
53868,53868,53868
53905,53905,
53912,58121,53912
53921,53921,
53943,53943,
53947,53947,53947
53953,53953,
53959,53959,53959
53963,53963,53963
53973,53973,
53975,53975,53975
53994,53994,
53996,53996,53996
54016,54016,54016
54023,54023,54023
54079,51628,54079
54080,54080,
54081,54081,54081
54082,54082,54082
54086,54086,54086
54095,54095,54095
54104,54104,54104
54106,54106,
54107,54107,
54117,54117,
54120,56208,54120
54123,56210,54123
54129,54129,
54131,54131,
54135,54135,54135
54138,54138,54138
54142,54142,54142
54158,54158,
54160,54160,
54184,55728,54184
54201,54201,
54208,54208,54208
54209,54209,
54222,54222,54222
54250,54250,54250
54281,54281,54281
54312,65058,54312
54321,54321,
54325,54325,
54347,54347,54347
54349,56635,54349
54358,54358,
54360,54360,54360
54361,54361,54361
54373,54373,54373
54390,54390,54390
54410,54410,
54463,65000,54463
54481,54871,54481
54497,54497,54497
54510,54510,54510
54520,54520,54520
54523,54523,54523
54537,54537,
54550,54550,54550
54553,54553,
54559,54559,
54561,54561,
54564,54564,54564
54570,60639,54570
54582,54582,54582
54583,61681,54583
54601,54601,54601
54602,54602,
54603,54603,54603
54624,54624,
54632,54632,
54654,54654,
54655,65432,54655
54704,54704,54704
54737,54737,54737
54758,54758,
54760,54760,54760
54785,54785,54785
54806,54806,
54808,54808,54808
54814,54814,
54816,51494,54816
54833,54833,54833
54856,54856,54856
54858,54858,54858
54859,54859,
54865,53627,54865
54871,54871,54871
54903,54903,
54919,54919,
54940,54940,54940
54947,54947,
54953,54953,54953
54962,55055,54962
54979,54979,
54980,54980,
54992,56209,54992
54996,54996,54996
55003,55003,
55040,55040,55040
55054,55054,55054
55055,55055,55055
55056,55056,
55103,55103,55103
55108,55108,
55158,55158,
55159,55159,
55160,55160,55160
55161,55161,
55176,55176,
55187,55187,
55199,55199,
55201,55201,55201
55258,55258,
55286,55286,
55355,55355,55355
55374,55374,55374
55375,55375,
55406,55406,
55408,62492,55408
55415,55415,55415
55417,55417,55417
55420,55420,
55421,61164,55421
55422,61165,55422
55423,56211,55423
55426,55426,55426
55476,55476,55476
55492,55492,55492
55496,55496,
55505,55505,55505
55507,55507,55507
55534,55534,55534
55551,55551,55551
55605,63440,55605
55610,55610,
55613,55613,55613
55619,55619,55619
55622,55622,55622
55624,55624,55624
55636,55636,
55653,62172,55653
55656,55656,
55665,55665,55665
55668,55668,55668
55670,56410,55670
55689,63269,55689
55704,55704,55704
55707,55707,55707
55718,63381,55718
55728,55728,
55742,55742,55742
55743,55743,55743
55776,55776,
55778,55778,55778
55780,63446,55780
55807,63476,55807
55818,55818,55818
55896,55896,55896
55926,55926,
55927,55927,
55928,52761,55928
55988,55988,55988
56019,56019,56019
56022,56022,56022
56030,61037,56030
56043,56043,56043
56056,56056,
56065,56065,
56085,60961,56085
56133,56133,56133
56151,56151,
56168,56168,56168
56169,57160,56169
56193,56193,56193
56201,56201,56201
56208,56208,56208
56209,56209,56209
56210,56210,56210
56211,56211,56211
56260,56260,56260
56262,56262,56262
56265,56265,
56267,56267,56267
56269,56269,56269
56274,56274,56274
56276,56276,
56277,57657,56277
56284,56284,56284
56287,56287,56287
56288,56288,56288
56294,56294,56294
56300,56300,
56301,56301,56301
56303,61729,56303
56304,56304,56304
56308,62660,56308
56310,56310,56310
56312,56312,56312
56316,56316,56316
56333,56333,56333
56341,62629,56341
56355,56355,56355
56356,56356,56356
56358,59533,56358
56363,56363,56363
56367,56367,
56378,56378,
56380,64074,56380
56382,56382,56382
56392,56392,56392
56394,64269,56394
56398,56355,56398
56406,56406,56406
56409,63452,56409
56410,56410,
56436,57758,56436
56439,56439,56439
56441,56441,56441
56455,56455,56455
56489,56489,56489
56491,56491,
56496,56496,56496
56497,59471,56497
56511,56511,
56515,56654,56515
56529,56529,56529
56539,57992,56539
56541,58691,56541
56543,56989,56543
56546,56546,
56547,58133,56547
56556,56556,56556
56559,56559,56559
56560,56560,
56566,56566,56566
56570,56570,56570
56572,56572,
56583,59136,56583
56584,56584,
56585,56585,
56588,56588,56588
56592,64146,56592
56594,58127,56594
56604,56604,56604
56607,56607,56607
56615,56615,56615
56618,58279,56618
56620,56620,56620
56635,56635,
56636,,
56638,56638,56638
56641,62149,56641
56653,56653,
56654,56654,56654
56662,65432,56662
56667,56667,56667
56671,56671,
56677,56677,
56678,61476,56678
56680,57863,56680
56710,56710,56710
56725,56725,56725
56730,56730,56730
56735,56735,
56747,56747,
56751,56751,
56752,58089,56752
56753,60975,56753
56759,56759,56759
56760,56760,56760
56771,56771,
56791,56791,56791
56809,56809,56809
56816,56816,56816
56825,56825,56825
56828,56828,56828
56834,56834,
56859,56859,56859
56861,56861,
56863,56863,
56866,56866,56866
56879,56879,56879
56903,61956,56903
56908,56908,
56912,56912,
56915,56915,56915
56917,62403,56917
56922,56922,56922
56923,56923,56923
56924,56924,56924
56925,56925,56925
56928,56928,56928
56939,56939,56939
56940,56940,
56949,57723,56949
56952,56952,56952
56962,57014,56962
56964,64645,56964
56966,56966,56966
56967,56967,56967
56968,56968,56968
56970,56970,56970
56972,56972,56972
56979,57875,56979
56983,56983,
56984,56984,
56985,65287,56985
56990,56990,56990
56992,63044,56992
57000,63402,57000
57012,57012,57012
57014,57014,
57015,,
57019,57953,57019
57032,57032,57032
57033,57033,
57034,57083,57034
57040,57040,57040
57041,57041,
57058,57058,
57059,57059,57059
57072,57072,
57076,58896,57076
57079,61778,57079
57083,57083,57083
57086,57086,57086
57087,58087,57087
57088,57088,57088
57089,57089,57089
57091,57091,57091
57094,57094,
57096,57096,57096
57100,57100,57100
57101,57101,57101
57102,63463,57102
57117,57117,57117
57136,61972,57136
57153,57153,57153
57160,57160,57160
57162,57162,57162
57163,57163,57163
57164,57164,57164
57165,57195,57165
57167,57167,
57170,57170,57170
57174,57174,
57175,57175,57175
57178,57178,57178
57180,57180,57180
57183,57183,
57189,57189,57189
57191,57012,57191
57192,57192,57192
57193,57193,57193
57196,57196,57196
57197,57197,57197
57200,61234,57200
57202,57202,57202
57206,57206,
57210,,
57216,57216,57216
57217,57217,57217
57219,57219,
57230,57230,
57232,57364,57232
57235,57235,57235
57242,57438,57242
57244,57244,57244
57248,57248,
57252,57252,57252
57257,57257,
57258,57258,57258
57259,57259,
57266,57266,
57270,57270,
57274,57274,57274
57276,57276,
57278,57278,57278
57279,57279,
57285,61330,57285
57288,57288,
57296,57296,57296
57297,57297,
57306,57306,57306
57307,57307,57307
57312,57312,57312
57314,57314,57314
57315,57314,57315
57316,57316,57316
57317,57317,
57319,57319,
57320,57320,57320
57323,57849,57323
57327,65432,57327
57330,62126,57330
57331,57331,57331
57337,57337,57337
57340,57340,
57342,57342,57342
57344,57344,57344
57351,57351,57351
57352,57352,57352
57360,57360,
57364,57364,57364
57371,65341,57371
57373,57373,57373
57374,57374,
57396,57396,57396
57405,57405,57405
57406,57406,
57409,57409,57409
57413,57413,57413
57416,57597,57416
57418,57418,
57420,57420,57420
57422,57422,57422
57423,57423,57423
57431,57431,
57434,57434,
57435,57435,57435
57438,57438,57438
57445,57445,57445
57449,57449,
57450,57450,57450
57453,57453,57453
57458,57458,57458
57462,57462,57462
57466,57466,57466
57474,57474,57474
57479,57479,57479
57482,57479,57482
57489,57489,57489
57490,57490,57490
57491,60781,57491
57494,57494,
57496,57496,
57498,57513,57498
57499,57494,57499
57500,57500,57500
57502,57502,
57506,57500,57506
57507,57507,57507
57508,57508,57508
57513,57513,57513
57514,57514,
57522,57522,
57523,57523,57523
57524,57524,57524
57528,62171,57528
57529,57529,
57530,57530,57530
57532,61814,57532
57533,61812,57533
57537,57537,57537
57538,57538,57538
57553,57553,57553
57556,57556,
57557,57557,57557
57558,57558,57558
57559,57559,57559
57560,57560,57560
57567,57567,57567
57570,57570,
57571,57571,
57572,61891,57572
57573,57573,
57576,57576,
57583,57583,57583
57584,63254,57584
57587,57587,57587
57588,57588,
57592,57592,57592
57596,57596,57596
57597,57597,57597
57602,57602,57602
57607,57607,57607
57609,57609,57609
57616,57616,57616
57618,57618,
57619,57619,57619
57620,57620,57620
57627,57627,57627
57629,57629,
57630,56378,57630
57632,57632,57632
57635,57635,57635
57644,57644,
57647,57647,57647
57649,57649,57649
57650,57650,57650
57651,57651,
57657,57657,57657
57658,65262,57658
57667,57667,
57669,63453,57669
57691,57691,57691
57694,57694,57694
57701,57701,
57715,58545,57715
57716,57716,57716
57723,57723,57723
57728,57728,57728
57729,57729,57729
57734,57734,57734
57738,58638,57738
57744,57744,57744
57750,57750,57750
57755,62611,57755
57758,57758,
57765,57765,
57771,58090,57771
57773,57773,57773
57776,57776,
57784,57784,57784
57791,57791,57791
57796,57796,57796
57814,57814,57814
57833,57833,57833
57836,57836,57836
57838,57838,57838
57844,57844,
57845,57845,
57846,57846,
57848,57848,57848
57849,57849,57849
57856,57856,57856
57861,57861,
57862,57862,111209
57863,57863,57863
57865,57865,
57869,57869,57869
57875,57875,57875
57881,57881,57881
57882,57882,
57887,59354,57887
57888,57888,
57891,57891,
57894,60216,57894
57898,57898,
57899,61822,57899
57900,57900,57900
57901,57901,57901
57902,57902,57902
57903,57567,57903
57905,57905,57905
57908,57908,57908
57909,57909,
57910,57910,57910
57913,57913,57913
57914,57914,57914
57916,57916,
57917,57917,
57918,57918,57918
57921,57921,57921
57929,57929,57929
57940,57940,57940
57950,57950,57950
57951,57951,
57956,57956,
57957,57957,57957
57958,57958,57958
57961,57961,
57965,57965,57965
57973,57973,57973
57977,57977,57977
57979,57979,57979
57990,57990,57990
57992,57992,57992
57999,57999,
58000,58000,
58001,58326,58001
58004,58004,58004
58005,60819,58005
58008,58008,58008
58010,58010,58010
58013,58013,58013
58014,61102,58014
58017,58941,58017
58022,58022,58022
58030,58030,58030
58033,58033,58033
58035,58035,
58042,58042,58042
58045,58045,
58048,58048,
58049,58049,58049
58050,58050,
58060,58060,
58061,63436,58061
58062,58062,58062
58063,61032,58063
58065,58065,58065
58071,58071,
58075,58075,58075
58077,58077,
58078,58078,58078
58079,58079,58079
58082,61250,58082
58086,58086,
58087,58087,58087
58089,58089,58089
58090,58090,58090
58091,58091,58091
58092,61799,58092
58098,61248,58098
58104,62599,58104
58110,58110,
58121,58121,58121
58127,58127,58127
58132,58132,58132
58133,58133,58133
58135,58135,58135
58144,58144,58144
58146,58146,58146
58163,58163,58163
58169,58169,58169
58183,58183,
58184,58184,
58194,58194,58194
58217,58217,
58222,58222,
58226,58226,58226
58234,58234,58234
58238,59563,58238
58257,58257,
58262,58262,58262
58279,58279,58279
58282,58282,58282
58297,58297,
58308,58308,
58317,58317,58317
58328,58328,
58329,58329,58329
58332,58332,58332
58335,58335,58335
58343,58347,58343
58345,58345,58345
58347,58347,58347
58353,58353,58353
58354,58354,
58362,58345,58362
58369,58598,58369
58373,58373,58373
58376,61002,58376
58393,58393,
58398,58398,
58400,58400,58400
58401,58401,58401
58403,58403,58403
58412,59685,58412
58413,59563,58413
58415,58415,58415
58418,58418,58418
58425,58425,
58426,58426,58426
58448,58448,
58455,58455,58455
58458,58458,
58460,58460,58460
58463,58463,58463
58468,61932,58468
58469,61930,58469
58476,58476,58476
58487,58487,58487
58498,58754,58498
58504,64790,58504
58516,61373,58516
58522,59235,58522
58525,58525,58525
58527,65702,58527
58538,58538,
58539,63409,58539
58545,58545,58545
58546,58546,
58548,65645,58548
58551,58551,58551
58574,59631,58574
58582,60570,58582
58583,63118,58583
58586,58586,58586
58588,58588,58588
58591,59749,58591
58595,58595,
58598,58598,58598
58603,58603,58603
58630,58630,58630
58631,58631,
58634,58634,
58635,58635,58635
58638,58638,58638
58639,58639,58639
58641,58641,58641
58655,58655,58655
58666,58666,58666
58669,58669,58669
58681,58681,
58685,58685,58685
58687,,
58689,58689,58689
58691,58691,
58693,58694,58693
58694,58694,58694
58706,58706,
58713,58713,
58719,58719,
58733,58733,
58754,58754,58754
58763,58763,
58765,58765,
58776,58776,58776
58784,58784,58784
58786,58786,
58787,58787,
58789,58789,58789
58793,58793,58793
58807,58807,58807
58816,65101,58816
58831,58831,
58834,58834,58834
58856,58856,58856
58865,58865,
58868,58868,58868
58890,61521,58890
58891,61520,58891
58893,58893,58893
58896,58896,
58906,58906,58906
58922,58922,
58923,63196,58923
58925,58925,
58935,62715,58935
58941,58941,
58942,58943,58942
58943,58943,58943
58945,58945,58945
58951,58951,
58964,58964,58964
58969,58969,
58972,65647,58972
58973,65646,58973
58976,60572,58976
58977,58977,
59005,59005,59005
59010,59010,
59014,59014,59014
59015,59015,59015
59021,59021,59021
59027,59027,59027
59044,61321,59044
59068,59068,59068
59071,64608,59071
59080,59080,
59081,59081,59081
59084,59084,59084
59094,59282,59094
59098,59098,
59103,59103,
59120,59120,
59126,59126,59126
59129,59129,
59136,59136,
59138,59138,59138
59144,59241,59144
59151,59151,59151
59161,59161,59161
59163,59163,
59172,59172,
59185,59185,59185
59202,59202,59202
59210,59210,
59216,59216,59216
59226,59226,59226
59231,59231,
59235,59235,
59238,59238,59238
59241,59241,59241
59242,59242,59242
59244,59244,
59247,59247,
59262,59262,
59266,59266,59266
59282,59282,
59297,59297,59297
59300,59300,59300
59313,59313,59313
59323,59323,
59329,59329,59329
59333,59333,59333
59351,59351,
59354,59354,59354
59355,59355,59355
59357,59357,59357
59360,65409,59360
59363,59363,59363
59364,59364,59364
59365,62029,59365
59366,59366,
59367,59367,
59369,59369,59369
59374,59374,
59376,59376,
59377,59377,
59390,61919,59390
59391,59391,59391
59395,59395,59395
59407,59407,
59415,59415,59415
59423,59423,59423
59424,59424,59424
59434,59434,59434
59450,59450,
59454,59454,59454
59476,59476,
59478,59478,
59483,61058,59483
59485,59485,59485
59499,59499,59499
59508,59508,59508
59509,59509,59509
59512,59512,59512
59517,59517,59517
59518,59518,
59533,59533,59533
59538,59538,
59541,59541,59541
59552,59552,
59554,59554,
59562,60049,59562
59563,59563,59563
59564,59564,
59565,59565,59565
59570,59570,59570
59578,59578,59578
59584,59584,
59601,64532,59601
59612,59612,
59613,59613,
59626,59626,
59631,59631,59631
59643,59643,
59664,59664,59664
59685,59685,59685
59694,59694,
59696,59696,59696
59703,59703,59703
59709,59709,
59710,59710,59710
59719,59719,59719
59720,59720,59720
59721,62711,59721
59722,59722,
59728,59728,59728
59733,59733,
59741,59741,59741
59749,59749,59749
59755,59755,
59769,59769,
59771,59771,59771
59786,63364,59786
59809,59809,
59819,59819,59819
59826,59826,59826
59829,61371,59829
59836,59836,59836
59837,59837,59837
59838,59838,59838
59839,59839,115646
59856,59856,
59868,59868,59868
59871,59871,59871
59882,59882,59882
59898,59898,
59901,59901,59901
59904,59904,
59907,59907,59907
59909,59909,59909
59913,59913,59913
59926,61552,59926
59933,59933,
59960,61443,59960
59969,59969,59969
59974,59984,59974
59979,59979,59979
59984,59984,59984
59985,60472,59985
59988,59988,
59989,59989,
59990,59990,59990
59992,59992,59992
59993,59993,59993
59995,59995,59995
59996,59996,
59998,59998,59998
60016,60016,60016
60021,60021,60021
60022,60022,60022
60025,,
60026,60026,60026
60027,64532,60027
60036,60036,60036
60038,60038,60038
60039,60039,60039
60042,60042,60042
60044,61185,60044
60045,60045,60045
60049,60049,
60074,60074,
60076,60076,60076
60090,60090,60090
60107,60107,60107
60110,60110,
60113,60113,
60114,60114,
60116,63163,60116
60117,60117,
60120,60120,60120
60127,61033,60127
60128,61663,60128
60129,60129,
60139,60139,60139
60165,60165,60165
60167,60167,
60175,60175,60175
60176,60185,60176
60178,60178,60178
60185,60185,
60190,60190,60190
60192,61410,60192
60200,60200,60200
60209,60209,60209
60210,60210,
60211,60211,60211
60213,60213,
60215,60215,60215
60216,60216,60216
60220,63420,60220
60222,60222,
60223,28013,60223
60233,60233,60233
60241,60241,60241
60242,60242,
60247,60247,60247
60248,60248,60248
60252,60252,60252
60253,60253,60253
60267,60267,60267
60270,60270,60270
60274,60274,60274
60279,60279,60279
60281,60281,60281
60282,60282,60282
60294,60294,60294
60299,61881,60299
60301,60301,60301
60303,60303,
60329,60329,
60330,60330,60330
60331,60331,
60334,61706,60334
60335,60335,60335
60336,62324,60336
60337,60337,60337
60339,60339,60339
60340,60340,
60345,60345,60345
60348,63363,60348
60350,61818,60350
60351,60351,60351
60353,62951,60353
60364,60364,60364
60368,60368,60368
60372,60372,60372
60391,60391,60391
60393,60393,60393
60396,60396,60396
60398,59771,60398
60403,60403,
60404,61636,60404
60425,65646,60425
60426,65647,60426
60427,65645,60427
60433,60433,
60440,60440,60440
60451,60451,60451
60457,60457,60457
60461,60481,60461
60462,60462,60462
60464,62905,60464
60470,60470,
60471,60471,
60472,60472,60472
60478,60478,60478
60479,60479,
60481,60481,60481
60482,60482,60482
60483,60483,
60498,60498,60498
60502,60502,60502
60511,60511,60511
60514,60514,60514
60517,60517,
60533,60533,60533
60538,60538,60538
60546,60546,60546
60547,60547,60547
60548,60548,60548
60549,60549,60549
60550,60550,60550
60551,60551,60551
60552,60552,60552
60559,64156,60559
60561,60561,60561
60570,60570,60570
60572,60572,
60581,60581,60581
60582,60582,60582
60584,60584,
60592,60592,
60594,60594,60594
60596,64247,60596
60597,60597,60597
60599,60599,115787
60618,60618,60618
60619,60619,
60625,63200,60625
60636,60637,60636
60637,60637,
60639,60639,60639
60642,62176,60642
60646,60649,60646
60649,60649,
60657,60657,60657
60658,60658,60658
60659,60659,60659
60660,60660,60660
60666,60666,
60680,60680,
60685,60685,60685
60702,53553,60702
60715,60715,60715
60716,60716,60716
60725,60725,60725
60736,61173,60736
60738,60785,60738
60740,60783,60740
60747,60747,60747
60749,60749,60749
60751,60751,
60762,60762,60762
60764,60764,
60769,60769,
60770,60770,60770
60781,60781,60781
60783,60783,60783
60785,60785,60785
60789,60789,
60791,60791,60791
60793,60793,60793
60796,60796,60796
60799,60799,
60800,60800,60800
60802,60802,
60808,60808,60808
60819,60819,
60826,61019,60826
60831,60831,60831
60834,60834,
60836,60836,60836
60837,60837,60837
60839,64330,60839
60840,60840,60840
60843,60843,
60844,60844,
60845,60845,
60846,60846,
60854,65404,60854
60856,65407,60856
60857,60857,
60858,65406,60858
60863,65405,60863
60870,60870,60870
60874,64663,60874
60878,60878,
60887,62204,60887
60888,60888,60888
60889,60889,60889
60893,60893,60893
60895,60895,60895
60896,62271,60896
60897,60897,60897
60900,60900,60900
60907,60907,
60908,60908,
60913,61021,60913
60936,61784,60936
60937,60937,60937
60938,60938,
60961,60961,60961
60965,60965,
60966,61331,60966
60970,60970,60970
60972,60972,60972
60973,62378,60973
60975,60975,
60980,60980,
61000,61724,61000
61002,61002,
61008,61008,61008
61012,61012,61012
61014,61014,61014
61015,61015,61015
61018,61018,
61019,61019,
61021,61021,
61031,65645,61031
61032,61032,61032
61033,61033,61033
61036,61036,61036
61037,61037,61037
61042,65647,61042
61043,65646,61043
61058,61058,
61059,61059,61059
61068,62093,61068
61070,61070,
61078,61078,
61081,65351,61081
61087,61087,
61088,61726,61088
61093,61093,61093
61094,61094,61094
61102,61102,61102
61110,51905,61110
61123,61123,
61124,61124,
61136,61136,61136
61151,61151,61151
61153,61153,61153
61164,61164,61164
61165,61165,61165
61167,61167,61167
61173,61173,
61176,61176,61176
61183,61183,61183
61185,61185,
61190,61190,61190
61199,,
61202,61202,61202
61205,61205,61205
61208,61208,
61209,61209,61209
61218,61538,61218
61219,61219,
61220,61220,61220
61221,61221,61221
61226,61226,61226
61228,61228,61228
61230,61230,61230
61234,61234,
61237,65702,61237
61243,61243,61243
61248,61248,61248
61250,61250,61250
61261,61261,
61269,59836,61269
61308,61308,61308
61313,61592,61313
61318,61318,
61321,61321,
61324,61324,61324
61331,61331,61331
61332,61243,61332
61339,61339,
61346,61346,61346
61352,61352,61352
61353,61353,61353
61355,61355,
61356,61356,61356
61357,63029,61357
61368,61368,
61373,61373,61373
61378,61630,61378
61381,61381,61381
61384,61384,61384
61390,61390,61390
61391,61390,61391
61392,61392,61392
61393,61484,61393
61403,61403,61403
61405,61405,
61406,61416,61406
61407,61407,61407
61410,61410,
61416,61416,61416
61419,61419,
61420,61420,61420
61427,61427,61427
61428,61428,
61433,61433,
61443,61443,
61445,61445,
61456,61456,
61457,61457,61457
61461,61461,61461
61462,61462,61462
61463,61463,61463
61465,61465,61465
61466,61466,61466
61467,61467,61467
61468,61468,61468
61469,61469,61469
61470,61470,61470
61471,61471,61471
61472,61472,61472
61473,61473,61473
61474,61474,61474
61476,61476,
61478,61478,61478
61480,61480,61480
61484,61484,
61492,64698,61492
61504,61504,61504
61508,61508,
61514,61514,61514
61516,61516,61516
61519,61519,61519
61520,61520,61520
61521,61521,61521
61523,61523,61523
61527,61527,61527
61528,61528,61528
61531,61531,61531
61532,61532,61532
61534,61534,61534
61538,61538,
61544,61544,61544
61550,61550,61550
61552,61552,
61554,61907,61554
61559,61559,61559
61568,61568,61568
61574,61574,61574
61582,61582,61582
61586,61586,
61591,61591,
61592,61592,
61594,61594,61594
61595,61595,61595
61600,61600,61600
61603,61603,61603
61605,61605,61605
61611,61611,61611
61615,61615,
61616,61616,61616
61621,61627,61621
61628,61685,61628
61630,61630,
61631,61631,
61636,61636,
61641,64171,61641
61645,61645,61645
61648,61648,61648
61649,55505,61649
61654,61654,61654
61656,61656,61656
61657,64883,61657
61658,61658,61658
61660,62258,61660
61663,61663,
61665,61665,61665
61666,60888,61666
61671,61671,61671
61677,61677,61677
61679,63124,61679
61681,61681,
61685,61685,61685
61686,61686,
61693,61693,61693
61698,61698,61698
61700,61700,61700
61702,61702,61702
61706,61706,
61712,61712,61712
61717,61717,61717
61720,64418,61720
61721,61721,
61724,61724,61724
61726,61726,
61729,61729,
61733,61733,61733
61734,61734,61734
61735,61735,61735
61737,61737,61737
61741,61741,61741
61742,63534,61742
61744,61744,61744
61748,61748,
61750,61750,
61752,61752,61752
61753,61753,61753
61754,61754,
61755,61755,
61758,61758,61758
61759,61759,61759
61765,61765,
61769,61826,61769
61772,61772,61772
61773,61773,61773
61774,61774,
61775,61830,61775
61776,61791,61776
61777,61777,61777
61778,61778,
61779,61779,61779
61780,61780,61780
61781,63393,61781
61784,61784,
61785,61785,
61786,61786,
61787,61787,
61791,61791,
61793,61793,61793
61796,61796,61796
61803,61803,61803
61805,61805,
61810,61810,
61811,61811,61811
61812,61812,61812
61814,61814,61814
61815,61815,61815
61816,61816,
61817,61817,
61818,61818,
61820,61820,61820
61822,61822,
61824,61824,
61825,61825,61825
61826,61826,
61827,61827,61827
61829,61829,
61832,61832,61832
61833,61833,61833
61836,61836,61836
61837,61837,
61840,61840,61840
61845,61845,61845
61855,61855,61855
61859,61859,61859
61860,62342,61860
61861,61861,61861
61869,63765,61869
61875,61875,61875
61880,61880,61880
61881,61881,
61882,61882,61882
61883,61883,61883
61884,61884,61884
61885,61885,
61887,61887,
61891,61891,
61893,61893,61893
61894,61894,61894
61895,61895,61895
61900,61900,61900
61901,53300,61901
61902,61902,
61904,62615,61904
61906,61906,61906
61907,61907,61907
61909,61909,61909
61910,61910,
61911,61911,61911
61913,61913,61913
61914,61914,61914
61916,61916,
61919,61919,61919
61921,61921,
61922,61922,61922
61925,61925,61925
61928,61928,61928
61930,61930,61930
61932,61932,61932
61936,61936,61936
61937,61937,
61940,61940,
61943,61943,61943
61944,61944,61944
61945,61945,
61956,61956,
61957,61957,61957
61961,61961,
61962,61962,61962
61964,61964,61964
61967,61967,61967
61971,61971,
61972,61972,
61986,63964,61986
61988,61988,
61989,61989,61989
61992,62143,61992
61993,61993,
61994,61994,61994
61996,61996,61996
61997,61997,
61999,61999,61999
62001,62001,
62004,62004,62004
62009,62009,
62010,62010,
62011,62011,62011
62012,62012,62012
62013,62013,62013
62015,62015,62015
62017,62017,
62018,62018,
62022,64594,62022
62025,62025,62025
62026,62026,
62029,62029,
62030,62030,62030
62033,62033,62033
62034,62034,62034
62035,62035,62035
62036,62036,62036
62038,62038,
62039,62039,
62040,62040,62040
62043,62043,62043
62044,62044,62044
62046,62056,62046
62048,62048,62048
62053,62053,62053
62055,62055,
62056,62056,
62057,62097,62057
62059,62059,62059
62060,62120,62060
62062,62062,62062
62066,62066,62066
62067,62067,62067
62069,62069,
62070,63482,62070
62073,62073,62073
62074,62074,62074
62077,62077,62077
62083,62083,62083
62084,65853,62084
62085,62085,62085
62087,62087,62087
62092,62092,62092
62093,62093,
62094,62094,62094
62099,62099,
62100,62100,62100
62102,62102,62102
62103,62103,62103
62104,62104,62104
62114,62114,
62116,62116,62116
62120,62120,
62123,62123,62123
62129,62129,62129
62130,62130,
62132,62132,62132
62133,62133,62133
62134,64024,62134
62135,62135,62135
62143,62143,
62148,62148,62148
62149,62149,
62150,62150,62150
62156,62156,62156
62161,62161,62161
62162,62169,62162
62164,62164,
62170,62170,62170
62171,62171,62171
62172,62172,62172
62173,62173,62173
62174,62174,62174
62176,62176,
62179,62179,62179
62183,62183,
62190,62190,62190
62195,62195,62195
62198,62198,62198
62199,62199,
62208,62208,
62214,62214,62214
62221,62221,62221
62222,62222,
62224,62224,62224
62234,62234,62234
62240,62240,62240
62242,62242,62242
62244,63589,62244
62247,62247,
62253,62253,
62254,62273,62254
62258,62258,62258
62260,62260,62260
62264,62264,62264
62266,62266,62266
62268,62268,62268
62270,62270,
62271,62271,
62272,62279,62272
62273,62273,
62275,62275,
62279,62279,
62280,62280,62280
62281,62281,62281
62282,62917,62282
62285,62285,62285
62287,62287,62287
62291,62291,62291
62292,63723,62292
62300,62300,
62302,62302,
62312,62312,62312
62315,62315,62315
62317,62317,
62319,62319,62319
62321,62321,
62324,62324,
62342,62342,
62343,62506,62343
62344,62344,62344
62358,62358,
62359,62358,62359
62362,62362,62362
62370,62370,62370
62376,64533,62376
62378,62378,
62382,62382,
62383,62383,62383
62384,62384,62384
62387,62387,62387
62392,62392,62392
62395,62395,62395
62398,62398,
62400,64696,62400
62403,62403,
62404,62404,62404
62406,62406,
62420,62420,
62423,62423,62423
62426,62426,62426
62431,62431,62431
62436,62436,62436
62450,62450,62450
62460,62460,62460
62467,62467,62467
62471,62525,62471
62486,62486,
62487,62487,62487
62490,62490,62490
62492,62492,
62497,62497,
62498,62498,
62514,62514,62514
62515,65864,62515
62518,62518,62518
62525,62525,
62527,62527,62527
62533,62533,62533
62535,62535,
62546,62546,62546
62547,62664,62547
62552,62552,62552
62566,63923,62566
62580,62580,62580
62586,62586,
62591,63018,62591
62598,63509,62598
62599,62599,62599
62606,62606,62606
62609,62609,62609
62611,62611,
62615,62615,
62623,51057,62623
62629,62629,
62631,62631,62631
62634,62634,62634
62637,62637,62637
62641,62641,62641
62643,60457,62643
62646,62646,
62647,62647,62647
62652,62652,
62653,62653,
62654,62654,
62655,62655,
62656,62656,62656
62667,64936,62667
62669,62669,62669
62675,62675,
62680,62696,62680
62686,62686,
62688,62688,62688
62691,62691,
62696,62696,62696
62697,62697,
62706,62706,62706
62711,62711,62711
62712,62712,62712
62715,62715,
62729,62729,62729
62732,63441,62732
62739,62739,
62740,62740,62740
62741,62741,62741
62742,62742,
62745,62745,62745
62747,62747,62747
62751,62821,62751
62752,62753,62752
62753,62753,
62763,62763,62763
62774,62785,62774
62781,62781,62781
62786,62786,
62790,62790,62790
62799,62799,
62806,63390,62806
62814,62814,62814
62821,62821,
62826,64992,62826
62831,62831,62831
62832,62832,
62851,62851,
62905,62905,
62906,62906,62906
62912,62912,62912
62914,62914,62914
62917,62917,
62918,62918,62918
62919,62919,62919
62920,62920,62920
62921,62921,62921
62922,62922,62922
62923,62923,62923
62924,62924,62924
62926,62926,62926
62932,62932,62932
62933,62933,62933
62934,62934,62934
62936,62943,62936
62940,62940,62940
62944,62944,62944
62945,62945,62945
62948,62948,62948
62950,62950,62950
62951,62951,
62952,62952,62952
62960,62960,62960
62961,62961,62961
62968,62968,62968
62975,62975,62975
62984,62984,62984
62985,62985,
62986,62986,62986
62987,62987,
62988,62988,62988
62991,63808,62991
62993,62993,62993
62996,62996,
62997,62997,62997
63000,63000,63000
63002,63002,63002
63004,63004,63004
63007,63007,
63008,63040,63008
63018,63018,
63019,63019,63019
63020,65755,63020
63021,63021,63021
63026,65394,63026
63027,63027,63027
63028,63028,
63029,63029,
63040,63040,
63042,63042,63042
63044,63044,
63048,63048,
63058,63058,63058
63062,64672,63062
63063,63063,63063
63064,63064,63064
63065,63065,63065
63070,63070,63070
63076,63076,63076
63077,63077,
63082,63082,63082
63085,63085,63085
63087,63087,63087
63089,63089,
63111,63111,63111
63118,63118,
63120,63120,63120
63124,63124,
63136,63136,
63144,63272,63144
63148,63148,63148
63153,63153,63153
63163,63163,
63165,63165,63165
63170,63170,
63175,63175,63175
63176,63176,
63185,63185,
63186,63186,
63190,63192,63190
63192,63192,
63194,63194,
63196,63196,
63200,63200,
63227,63227,
63228,63228,
63235,63235,
63237,63244,63237
63239,63239,63239
63240,63240,63240
63244,63244,
63245,60680,63245
63257,63257,63257
63265,63265,63265
63266,63266,
63269,63269,
63272,63272,63272
63273,64686,63273
63276,63276,63276
63280,63280,
63282,63282,
63284,63284,
63286,63286,63286
63290,63290,63290
63295,63295,63295
63297,63297,63297
63299,63737,63299
63304,63304,63304
63309,63309,
63314,63314,63314
63317,63317,63317
63326,63326,63326
63340,63340,63340
63342,63342,63342
63347,63408,63347
63348,63348,63348
63357,63357,63357
63360,63360,63360
63363,63363,
63364,63364,
63368,63368,63368
63373,63373,63373
63374,63374,63374
63376,63376,63376
63381,63381,
63387,62906,63387
63392,63392,63392
63393,63393,
63395,63395,63395
63397,63397,63397
63400,63400,
63401,63401,
63405,63405,
63408,63408,
63409,63409,63409
63410,65184,63410
63414,63414,63414
63415,63415,
63420,63420,63420
63421,63421,63421
63424,63424,63424
63428,63428,
63429,63429,
63430,63430,63430
63434,63434,
63435,63435,
63436,63436,
63439,63439,
63440,63440,
63441,63441,
63443,63443,63443
63446,63446,
63452,63452,
63453,63453,
63459,63459,
63463,63463,
63476,63476,63476
63480,63480,
63482,63482,
63500,65239,63500
63501,65240,63501
63502,65241,63502
63509,63509,
63523,63523,63523
63530,63530,
63534,63534,
63536,63595,63536
63544,63544,63544
63546,63546,63546
63548,63548,63548
63550,63550,
63551,63551,
63554,63554,63554
63556,63556,63556
63557,63557,63557
63558,63558,63558
63574,63574,
63575,63575,
63576,63576,63576
63580,63580,63580
63581,63581,
63583,63583,63583
63584,63584,63584
63588,64655,63588
63589,63589,
63595,63595,
63598,63598,
63600,63600,63600
63601,63601,63601
63604,63604,63604
63609,63609,
63619,63619,63619
63620,63620,
63622,63622,
63625,63625,63625
63629,63629,63629
63630,63630,
63641,63641,
63642,63642,63642
63654,63729,63654
63670,63951,63670
63672,63672,63672
63675,63675,63675
63677,63677,63677
63678,59434,63678
63679,63679,63679
63683,63683,63683
63691,63694,63691
63693,63693,63693
63706,63706,
63713,63713,63713
63718,63722,63718
63722,63722,
63723,63723,
63726,63726,63726
63729,63729,
63730,63730,63730
63735,63735,63735
63737,63737,
63740,63740,63740
63747,,
63754,63754,63754
63756,63774,63756
63759,63759,63759
63765,63765,63765
63773,63773,63773
63774,63774,
63779,63779,
63784,63784,
63790,63290,63790
63795,64334,63795
63798,63798,
63801,63801,63801
63804,62247,63804
63820,63820,
63832,63832,63832
63837,63837,
63845,64635,63845
63847,64636,63847
63849,63849,63849
63868,65646,63868
63869,65647,63869
63870,65645,63870
63894,63894,63894
63897,63897,63897
63898,63898,
63908,63908,63908
63912,63912,
63921,63921,63921
63923,63923,
63924,63924,
63929,64025,63929
63938,64556,63938
63951,63951,
63955,64669,63955
63956,63956,63956
63961,63961,
63964,63964,
63977,63977,63977
63979,63979,
63981,63981,63981
63997,63997,
63999,64540,63999
64000,62247,64000
64003,64003,
64009,64009,64009
64018,64018,64018
64021,64021,64021
64024,64024,
64025,64025,
64026,60045,64026
64033,64033,64033
64042,64042,64042
64046,64363,64046
64047,64364,64047
64049,64049,
64054,64054,64054
64064,64064,64064
64065,64065,
64067,64067,
64072,64072,64072
64074,64074,64074
64085,64085,64085
64089,64091,64089
64091,64091,64091
64096,64774,64096
64101,64101,
64106,64106,
64108,64108,
64113,64113,64113
64117,64117,64117
64118,64118,
64121,64121,64121
64128,64128,64128
64132,64132,64132
64133,64133,64133
64134,65351,64134
64135,64135,64135
64136,64136,64136
64138,64138,64138
64142,64142,
64143,64143,
64144,64144,64144
64148,64148,
64156,64156,64156
64162,64162,
64163,65170,64163
64169,64169,64169
64170,64170,64170
64171,64171,
64178,64178,64178
64179,64179,118529
64181,64181,64181
64193,64193,64193
64194,65114,64194
64201,64201,
64202,64202,64202
64204,64204,64204
64207,64207,64207
64208,65525,64208
64216,64216,64216
64218,64218,
64228,64228,64228
64233,64233,118589
64235,64235,
64236,64236,
64240,64240,
64253,64253,64253
64254,64254,64254
64263,64263,64263
64266,64266,
64268,64268,64268
64269,64269,
64271,64278,64271
64276,64276,
64277,64277,64277
64278,64278,
64281,65084,64281
64285,65359,64285
64298,64298,
64299,64299,64299
64300,64300,64300
64301,64301,
64304,64304,
64305,64305,64305
64306,64306,
64308,64308,
64311,64311,64311
64312,64312,
64313,64313,64313
64314,64314,
64319,64319,64319
64320,64320,64320
64321,64321,
64324,64324,64324
64327,64327,64327
64330,64330,64330
64334,64334,
64348,64348,64348
64355,64355,64355
64359,64359,
64363,64363,
64364,64364,
64378,64378,
64381,64381,
64383,64383,64383
64396,64396,
64397,64397,
64406,64917,64406
64411,64411,
64418,64418,64418
64421,64421,
64423,64423,64423
64424,64424,
64425,65004,64425
64432,65636,64432
64447,64447,64447
64449,64449,64449
64451,64451,
64453,64453,
64459,64788,64459
64466,64466,64466
64467,64467,64467
64471,64471,
64474,64474,
64477,64477,
64481,64488,64481
64488,64488,
64511,64685,64511
64518,64518,64518
64522,64522,64522
64527,64527,
64529,64529,64529
64530,65164,64530
64532,64532,64532
64540,64540,64540
64542,64542,
64545,65704,64545
64550,64550,
64554,64554,64554
64556,64556,118532
64557,64557,64557
64560,64560,64560
64561,64595,64561
64562,64562,64562
64563,64563,
64564,64565,64564
64565,64565,
64571,64571,64571
64572,64572,64572
64573,64573,
64575,64575,
64585,64585,64585
64592,64592,64592
64593,64593,64593
64594,64594,
64595,64595,
64596,64692,64596
64599,64599,64599
64600,64600,64600
64601,64601,64601
64606,64606,
64607,64607,64607
64608,64608,
64609,64609,64609
64610,64610,64610
64612,64612,
64614,64614,
64623,64623,64623
64624,64624,64624
64625,64625,64625
64631,64631,64631
64635,64635,
64636,64636,
64638,64638,
64641,64985,64641
64644,64644,64644
64645,64645,
64655,64655,
64663,64663,
64664,64664,64664
64669,64669,64669
64671,64671,64671
64672,64672,
64674,64674,64674
64681,64681,64681
64684,64684,64684
64685,64685,
64686,64686,
64692,64692,
64693,64693,64693
64696,64696,
64698,64698,
64700,64700,64700
64702,64702,64702
64703,64703,64703
64705,64705,64705
64706,64706,
64708,64708,
64713,64713,
64714,64985,64714
64715,64715,64715
64719,64719,
64727,64727,
64731,64731,
64733,64733,64733
64734,64734,64734
64739,64739,64739
64740,64740,64740
64749,64749,
64750,64750,64750
64759,64759,
64764,64764,64764
64770,64770,64770
64774,64774,64774
64778,64778,64778
64779,64779,64779
64780,64780,64780
64781,64700,64781
64786,64786,
64790,64790,
64791,64791,64791
64792,54390,64792
64806,6101,64806
64807,64807,64807
64817,64817,
64823,64823,64823
64824,61523,64824
64829,64829,64829
64830,64830,64830
64832,64832,64832
64835,64835,64835
64836,64836,
64837,64837,64837
64847,64847,64847
64848,65228,64848
64852,64852,64852
64857,65777,64857
64858,64858,64858
64859,64859,64859
64861,64861,64861
64866,64866,
64867,64867,
64870,64893,64870
64874,64874,64874
64875,64875,64875
64876,64876,64876
64882,64882,64882
64883,64883,64883
64893,64893,
64903,64903,
64904,64904,64904
64912,64985,64912
64917,64917,
64920,64920,64920
64925,59021,64925
64927,64927,
64930,64930,64930
64931,64931,
64933,64933,64933
64935,64935,
64936,64936,64936
64938,64938,
64939,65698,64939
64940,64993,64940
64942,64942,64942
64949,64949,64949
64950,64950,
64953,64953,
64954,65451,64954
64964,64964,64964
64966,64966,64966
64974,64974,64974
64983,64983,
64985,64985,64985
64989,64989,64989
64993,64993,
64995,63148,64995
64996,62745,64996
65000,65000,
65001,56924,65001
65004,65004,65004
65007,65007,
65008,65008,
65009,65009,65009
65015,65015,
65018,65232,65018
65019,65019,
65024,65079,65024
65029,65029,65029
65046,65046,65046
65050,65050,65050
65051,65051,65051
65052,65052,65052
65053,65053,65053
65058,65058,
65060,65060,
65067,65067,
65070,65070,
65071,65071,65071
65072,65072,
65076,65076,
65079,65079,65079
65084,65084,65084
65091,65091,
65092,65092,
65096,65096,65096
65100,65454,65100
65101,65101,
65105,65105,
65106,59423,65106
65114,65114,65114
65138,65138,65138
65141,65141,
65148,65148,65148
65151,65151,
65159,65159,65159
65164,65164,65164
65166,65166,65166
65170,65170,65170
65175,65175,65175
65177,65177,65177
65182,65182,65182
65184,65184,
65187,65187,65187
65192,65702,65192
65193,65193,
65202,65202,65202
65206,65206,
65207,65207,
65210,65202,65210
65218,65351,65218
65226,65859,65226
65228,65228,65228
65229,60282,65229
65230,60281,65230
65232,65232,
65233,65233,
65236,65236,
65237,65237,
65238,65238,
65239,65239,65239
65240,65240,65240
65241,65241,65241
65244,65717,65244
65246,65246,
65256,65256,65256
65260,65260,65260
65270,65270,65270
65277,65277,
65283,65283,65283
65284,65284,65284
65285,65285,65285
65287,65287,
65289,65289,
65291,65291,65291
65294,65294,
65313,65313,
65326,65326,65326
65330,65330,
65341,65341,
65351,65351,
65359,65359,65359
65362,65362,65362
65363,65363,65363
65367,65367,65367
65369,65369,
65376,65376,65376
65378,65378,65378
65380,65380,
65382,65382,
65385,65385,
65388,65388,65388
65394,65394,
65403,65403,65403
65404,65404,
65405,65405,
65406,65406,
65407,65407,
65409,65409,
65418,65418,
65422,65422,65422
65427,65427,65427
65432,65432,65432
65434,65432,65434
65439,65439,
65443,65443,
65444,65444,
65447,65783,65447
65450,65450,65450
65451,65451,
65454,65454,65454
65460,65460,65460
65461,65461,
65462,65462,
65463,65463,65463
65464,65464,65464
65468,65468,
65476,65476,
65485,65485,65485
65503,65503,65503
65506,65506,65506
65511,65511,
65512,65512,65512
65518,65518,
65519,65519,
65525,65525,
65527,65527,
65531,65531,65531
65538,65538,
65544,65544,65544
65551,65551,
65557,65557,65557
65562,65562,
65563,65563,
65565,65565,65565
65568,65568,
65569,65569,
65584,46049,65584
65586,65586,
65587,65587,
65591,65591,
65594,65594,
65597,65597,65597
65599,65599,
65600,65600,
65606,65606,
65607,65633,65607
65612,65612,
65613,65613,65613
65617,65409,65617
65619,65665,65619
65636,65636,
65637,65637,65637
65645,65645,65645
65646,65646,65646
65647,65647,65647
65651,65651,
65652,65652,
65658,65351,65658
65665,65665,65665
65669,65669,
65673,65673,
65674,65674,
65682,65682,
65686,65686,
65693,65710,65693
65694,65694,65694
65696,65696,
65697,65697,65697
65698,65698,
65702,65702,65702
65704,65704,65704
65705,65705,
65706,64179,65706
65707,65707,
65710,65710,
65711,65711,
65713,65713,65713
65716,65716,
65717,65717,
65726,65726,
65732,65732,
65733,65733,65733
65734,65734,65734
65746,65746,
65747,65747,
65751,65751,
65754,65767,65754
65755,65755,
65757,65757,
65761,65761,65761
65763,65763,65763
65767,65767,
65770,65770,
65790,65790,65790
65796,65796,
65807,65807,65807
65816,65816,
65822,65822,
65827,65827,65827
65829,65829,
65830,65830,
65841,65841,
65842,65842,
65843,65843,118588
65845,65845,118533
65852,65852,
65856,65856,
65859,65859,
65864,65864,65864
65869,65869,65869
65872,65872,
65874,65874,
65880,65880,
65889,65889,65889
