demande_v2_id,demande_state,demande_last_submitted_at
64000,changes_requested,2025-04-11 14:22:33 +0200
64931,refused,2025-04-07 16:17:43 +0200
64933,validated,2025-04-11 09:38:01 +0200
65092,changes_requested,2025-03-25 09:04:13 +0100
65369,submitted,2025-04-03 09:13:04 +0200
65403,validated,2025-04-11 10:16:49 +0200
65432,validated,2025-03-27 09:14:40 +0100
65439,refused,2025-03-18 15:34:00 +0100
65443,refused,2025-03-25 08:38:23 +0100
65444,refused,2025-03-28 10:38:32 +0100
65450,validated,2025-03-25 16:07:37 +0100
65460,changes_requested,2025-03-20 11:42:36 +0100
65461,refused,2025-03-20 12:27:13 +0100
65462,refused,2025-03-20 13:00:08 +0100
65463,validated,2025-03-20 14:25:12 +0100
65464,validated,2025-03-20 14:34:52 +0100
65468,refused,2025-03-20 17:22:03 +0100
65476,refused,2025-03-21 14:44:38 +0100
65480,refused,2025-03-24 11:01:35 +0100
65485,validated,2025-03-24 11:26:16 +0100
65503,validated,2025-03-26 19:14:08 +0100
65506,validated,2025-03-27 09:33:14 +0100
65511,refused,2025-03-27 13:20:23 +0100
65512,validated,2025-04-10 14:53:39 +0200
65518,refused,2025-03-28 10:37:38 +0100
65519,refused,2025-03-28 11:00:59 +0100
65527,refused,2025-03-28 22:41:38 +0100
65531,validated,2025-03-31 14:43:01 +0200
65538,changes_requested,2025-04-08 15:32:48 +0200
65544,submitted,2025-04-01 11:25:30 +0200
65551,refused,2025-04-02 08:52:30 +0200
65557,validated,2025-04-08 13:36:48 +0200
65562,refused,2025-04-03 10:29:49 +0200
65563,submitted,2025-04-03 10:49:35 +0200
65565,submitted,2025-04-08 15:36:49 +0200
65568,refused,2025-04-03 16:26:01 +0200
65569,refused,2025-04-03 16:02:03 +0200
65584,submitted,2025-04-15 17:55:26 +0200
65586,refused,2025-04-04 16:38:48 +0200
65587,refused,2025-04-04 16:47:55 +0200
65591,refused,2025-04-05 19:57:53 +0200
65594,submitted,2025-04-06 20:33:37 +0200
65597,validated,2025-04-07 10:48:24 +0200
65599,changes_requested,2025-04-07 12:20:41 +0200
65600,refused,2025-04-07 12:01:32 +0200
65606,refused,2025-04-08 08:50:36 +0200
65613,validated,2025-04-08 15:19:09 +0200
65617,validated,2025-04-15 17:22:09 +0200
65637,submitted,2025-04-14 14:25:51 +0200
65645,validated,2025-04-10 17:22:55 +0200
65646,validated,2025-04-10 17:24:00 +0200
65647,validated,2025-04-10 17:24:44 +0200
65651,submitted,2025-04-16 17:00:29 +0200
65652,changes_requested,2025-04-11 10:49:58 +0200
65658,validated,2025-04-15 17:23:05 +0200
65669,submitted,2025-04-15 09:33:07 +0200
65673,changes_requested,2025-04-15 17:27:04 +0200
65674,submitted,2025-04-16 18:26:38 +0200
65682,refused,2025-04-15 16:07:23 +0200
65686,changes_requested,2025-04-15 19:24:06 +0200
65693,validated,2025-04-16 11:18:29 +0200
65694,submitted,2025-04-16 11:21:33 +0200
65697,changes_requested,2025-04-16 12:06:35 +0200
