demande_v2_id,habilitation_v2_id,demande_state,habilitation_state,habilitation_created_at
64933,64933,validated,active,2025-04-11 11:25:07 +0200
65403,65403,validated,active,2025-04-14 09:44:54 +0200
65432,65432,validated,active,2025-04-08 13:41:07 +0200
65432,65434,validated,active,2025-03-27 09:08:55 +0100
65450,65450,validated,active,2025-03-26 10:15:33 +0100
65454,65454,validated,active,2025-04-17 10:13:27 +0200
65463,65463,validated,active,2025-03-20 14:39:40 +0100
65464,65464,validated,active,2025-03-20 14:52:51 +0100
65485,65485,validated,active,2025-03-24 14:36:11 +0100
65503,65503,validated,active,2025-03-27 08:23:30 +0100
65506,65506,validated,active,2025-03-27 09:36:53 +0100
65512,65512,validated,active,2025-04-10 15:28:05 +0200
65531,65531,validated,active,2025-03-31 15:21:22 +0200
65557,65557,validated,active,2025-04-08 14:48:33 +0200
65597,65597,validated,active,2025-04-07 16:45:35 +0200
65613,65613,validated,active,2025-04-08 15:19:56 +0200
65617,65617,validated,active,2025-04-16 16:41:05 +0200
65645,65645,validated,active,2025-04-14 11:45:26 +0200
65646,65646,validated,active,2025-04-14 12:01:00 +0200
65647,65647,validated,active,2025-04-14 12:06:49 +0200
65658,65658,validated,active,2025-04-16 17:45:28 +0200
65693,65693,validated,active,2025-04-17 10:01:49 +0200
